Campaign,Ad Group,Keyword,Match Type,Max CPC,Final URL
Bangalore to Tirupati Packages,Bangalore to Tirupati Packages - One Day Package,[one day tirupati package from bangalore],Exact,20,https://www.bangaloretirupatipackage.com
Bangalore to Tirupati Packages,Bangalore to Tirupati Packages - One Day Package,""" one day tirupati package from bangalore"" ",Phrase,15,https://www.bangaloretirupatipackage.com
Bangalore to Tirupati Packages,Bangalore to Tirupati Packages - One Day Package,one day tirupati package from bangalore,Broad,10,https://www.bangaloretirupatipackage.com
Bangalore to Tirupati Packages,Bangalore to Tirupati Packages - One Day Package,[tirupati one day trip from bangalore],Exact,20,https://www.bangaloretirupatipackage.com
Bangalore to Tirupati Packages,Bangalore to Tirupati Packages - One Day Package,""" tirupati one day trip from bangalore"" ",Phrase,15,https://www.bangaloretirupatipackage.com
Bangalore to Tirupati Packages,Bangalore to Tirupati Packages - One Day Package,tirupati one day trip from bangalore,Broad,10,https://www.bangaloretirupatipackage.com
Bangalore to Tirupati Packages,Bangalore to Tirupati Packages - One Day Package,[bangalore to tirupati one day tour],Exact,20,https://www.bangaloretirupatipackage.com
Bangalore to Tirupati Packages,Bangalore to Tirupati Packages - One Day Package,""" bangalore to tirupati one day tour"" ",Phrase,15,https://www.bangaloretirupatipackage.com
Bangalore to Tirupati Packages,Bangalore to Tirupati Packages - One Day Package,bangalore to tirupati one day tour,Broad,10,https://www.bangaloretirupatipackage.com
Bangalore to Tirupati Packages,Bangalore to Tirupati Packages - SKAG - one_day_tirupati_package_from_bangalore,[one day tirupati package from bangalore],Exact,20,https://www.bangaloretirupatipackage.com
Bangalore to Tirupati Packages,Bangalore to Tirupati Packages - SKAG - one_day_tirupati_package_from_bangalore,""" one day tirupati package from bangalore"" ",Phrase,15,https://www.bangaloretirupatipackage.com
Bangalore to Tirupati Packages,Bangalore to Tirupati Packages - SKAG - one_day_tirupati_package_from_bangalore,one day tirupati package from bangalore,Broad,10,https://www.bangaloretirupatipackage.com
Bangalore to Tirupati Packages,Bangalore to Tirupati Packages - Bus Package,[bangalore to tirupati bus package],Exact,20,https://www.bangaloretirupatipackage.com
Bangalore to Tirupati Packages,Bangalore to Tirupati Packages - Bus Package,""" bangalore to tirupati bus package"" ",Phrase,15,https://www.bangaloretirupatipackage.com
Bangalore to Tirupati Packages,Bangalore to Tirupati Packages - Bus Package,bangalore to tirupati bus package,Broad,10,https://www.bangaloretirupatipackage.com
Bangalore to Tirupati Packages,Bangalore to Tirupati Packages - Bus Package,[tirupati bus travel from bangalore],Exact,20,https://www.bangaloretirupatipackage.com
Bangalore to Tirupati Packages,Bangalore to Tirupati Packages - Bus Package,""" tirupati bus travel from bangalore"" ",Phrase,15,https://www.bangaloretirupatipackage.com
Bangalore to Tirupati Packages,Bangalore to Tirupati Packages - Bus Package,tirupati bus travel from bangalore,Broad,10,https://www.bangaloretirupatipackage.com
Bangalore to Tirupati Packages,Bangalore to Tirupati Packages - Bus Package,[ac sleeper bus tirupati bangalore],Exact,20,https://www.bangaloretirupatipackage.com
Bangalore to Tirupati Packages,Bangalore to Tirupati Packages - Bus Package,""" ac sleeper bus tirupati bangalore"" ",Phrase,15,https://www.bangaloretirupatipackage.com
Bangalore to Tirupati Packages,Bangalore to Tirupati Packages - Bus Package,ac sleeper bus tirupati bangalore,Broad,10,https://www.bangaloretirupatipackage.com
Bangalore to Tirupati Packages,Bangalore to Tirupati Packages - SKAG - bangalore_to_tirupati_bus_package,[bangalore to tirupati bus package],Exact,20,https://www.bangaloretirupatipackage.com
Bangalore to Tirupati Packages,Bangalore to Tirupati Packages - SKAG - bangalore_to_tirupati_bus_package,""" bangalore to tirupati bus package"" ",Phrase,15,https://www.bangaloretirupatipackage.com
Bangalore to Tirupati Packages,Bangalore to Tirupati Packages - SKAG - bangalore_to_tirupati_bus_package,bangalore to tirupati bus package,Broad,10,https://www.bangaloretirupatipackage.com
Bangalore to Tirupati Packages,Bangalore to Tirupati Packages - Car Package,[bangalore to tirupati car package],Exact,20,https://www.bangaloretirupatipackage.com
Bangalore to Tirupati Packages,Bangalore to Tirupati Packages - Car Package,""" bangalore to tirupati car package"" ",Phrase,15,https://www.bangaloretirupatipackage.com
Bangalore to Tirupati Packages,Bangalore to Tirupati Packages - Car Package,bangalore to tirupati car package,Broad,10,https://www.bangaloretirupatipackage.com
Bangalore to Tirupati Packages,Bangalore to Tirupati Packages - Car Package,[tirupati car rental from bangalore],Exact,20,https://www.bangaloretirupatipackage.com
Bangalore to Tirupati Packages,Bangalore to Tirupati Packages - Car Package,""" tirupati car rental from bangalore"" ",Phrase,15,https://www.bangaloretirupatipackage.com
Bangalore to Tirupati Packages,Bangalore to Tirupati Packages - Car Package,tirupati car rental from bangalore,Broad,10,https://www.bangaloretirupatipackage.com
Bangalore to Tirupati Packages,Bangalore to Tirupati Packages - Car Package,[private car tirupati bangalore],Exact,20,https://www.bangaloretirupatipackage.com
Bangalore to Tirupati Packages,Bangalore to Tirupati Packages - Car Package,""" private car tirupati bangalore"" ",Phrase,15,https://www.bangaloretirupatipackage.com
Bangalore to Tirupati Packages,Bangalore to Tirupati Packages - Car Package,private car tirupati bangalore,Broad,10,https://www.bangaloretirupatipackage.com
Bangalore to Tirupati Packages,Bangalore to Tirupati Packages - SKAG - bangalore_to_tirupati_car_package,[bangalore to tirupati car package],Exact,20,https://www.bangaloretirupatipackage.com
Bangalore to Tirupati Packages,Bangalore to Tirupati Packages - SKAG - bangalore_to_tirupati_car_package,""" bangalore to tirupati car package"" ",Phrase,15,https://www.bangaloretirupatipackage.com
Bangalore to Tirupati Packages,Bangalore to Tirupati Packages - SKAG - bangalore_to_tirupati_car_package,bangalore to tirupati car package,Broad,10,https://www.bangaloretirupatipackage.com
Bangalore to Tirupati Packages,Bangalore to Tirupati Packages - Tirupati Darshan,[tirupati darshan package bangalore],Exact,20,https://www.bangaloretirupatipackage.com
Bangalore to Tirupati Packages,Bangalore to Tirupati Packages - Tirupati Darshan,""" tirupati darshan package bangalore"" ",Phrase,15,https://www.bangaloretirupatipackage.com
Bangalore to Tirupati Packages,Bangalore to Tirupati Packages - Tirupati Darshan,tirupati darshan package bangalore,Broad,10,https://www.bangaloretirupatipackage.com
Bangalore to Tirupati Packages,Bangalore to Tirupati Packages - Tirupati Darshan,[tirupati balaji darshan from bangalore],Exact,20,https://www.bangaloretirupatipackage.com
Bangalore to Tirupati Packages,Bangalore to Tirupati Packages - Tirupati Darshan,""" tirupati balaji darshan from bangalore"" ",Phrase,15,https://www.bangaloretirupatipackage.com
Bangalore to Tirupati Packages,Bangalore to Tirupati Packages - Tirupati Darshan,tirupati balaji darshan from bangalore,Broad,10,https://www.bangaloretirupatipackage.com
Bangalore to Tirupati Packages,Bangalore to Tirupati Packages - Tirupati Darshan,[quick tirupati darshan bangalore],Exact,20,https://www.bangaloretirupatipackage.com
Bangalore to Tirupati Packages,Bangalore to Tirupati Packages - Tirupati Darshan,""" quick tirupati darshan bangalore"" ",Phrase,15,https://www.bangaloretirupatipackage.com
Bangalore to Tirupati Packages,Bangalore to Tirupati Packages - Tirupati Darshan,quick tirupati darshan bangalore,Broad,10,https://www.bangaloretirupatipackage.com
Bangalore to Tirupati Packages,Bangalore to Tirupati Packages - SKAG - tirupati_darshan_package_bangalore,[tirupati darshan package bangalore],Exact,20,https://www.bangaloretirupatipackage.com
Bangalore to Tirupati Packages,Bangalore to Tirupati Packages - SKAG - tirupati_darshan_package_bangalore,""" tirupati darshan package bangalore"" ",Phrase,15,https://www.bangaloretirupatipackage.com
Bangalore to Tirupati Packages,Bangalore to Tirupati Packages - SKAG - tirupati_darshan_package_bangalore,tirupati darshan package bangalore,Broad,10,https://www.bangaloretirupatipackage.com
Bangalore to Tirupati Packages,Bangalore to Tirupati Packages - General,[bangalore to tirupati package],Exact,20,https://www.bangaloretirupatipackage.com
Bangalore to Tirupati Packages,Bangalore to Tirupati Packages - General,""" bangalore to tirupati package"" ",Phrase,15,https://www.bangaloretirupatipackage.com
Bangalore to Tirupati Packages,Bangalore to Tirupati Packages - General,bangalore to tirupati package,Broad,10,https://www.bangaloretirupatipackage.com
Bangalore to Tirupati Packages,Bangalore to Tirupati Packages - General,[tirupati package from bangalore],Exact,20,https://www.bangaloretirupatipackage.com
Bangalore to Tirupati Packages,Bangalore to Tirupati Packages - General,""" tirupati package from bangalore"" ",Phrase,15,https://www.bangaloretirupatipackage.com
Bangalore to Tirupati Packages,Bangalore to Tirupati Packages - General,tirupati package from bangalore,Broad,10,https://www.bangaloretirupatipackage.com
Bangalore to Tirupati Packages,Bangalore to Tirupati Packages - General,[tirupati tour package from bangalore],Exact,20,https://www.bangaloretirupatipackage.com
Bangalore to Tirupati Packages,Bangalore to Tirupati Packages - General,""" tirupati tour package from bangalore"" ",Phrase,15,https://www.bangaloretirupatipackage.com
Bangalore to Tirupati Packages,Bangalore to Tirupati Packages - General,tirupati tour package from bangalore,Broad,10,https://www.bangaloretirupatipackage.com
