Campaign,Ad Group,Ad Type,Headline 1,Headline 2,Headline 3,Headline 4,Headline 5,Headline 6,Headline 7,Headline 8,Headline 9,Headline 10,Headline 11,Headline 12,Headline 13,Headline 14,Description 1,Description 2,Description 3,Description 4,Final URL,Path 1,Path 2
Bangalore to Tirupati Packages,Bangalore to Tirupati Packages - One Day Package,Responsive Search Ad,Tirupati Package from Bangalore,One Day Tirupati Trip ₹2499,50% Faster Darshan Guaranteed,Book Your Tirupati Tour Now,Verified Operators & 24/7 Support,Group Discounts Up To 13% Off,Hassle-Free Pilgrimage,AC Sleeper Bus & Meals Included,Expert TTD Guide Service,Bangalore Pickup & Drop,Divine Journey to Tirupati,Stress-Free Pilgrimage Packages,Best Tirupati Tour Deals,Experience Spiritual Bliss,Experience a seamless Bangalore to Tirupati pilgrimage. All-inclusive package at just ₹2499.,Save 50% time on Darshan with our Expert TTD Guide. Book your one-day trip today!,"Enjoy comfortable AC sleeper bus, private fresh-up, and authentic meals. Limited seats available!",Choose from 6+ verified operators. Get scam protection & 24/7 support. Book now!,https://www.bangaloretirupatipackage.com,Tirupati,Package
Bangalore to Tirupati Packages,Bangalore to Tirupati Packages - SKAG - one_day_tirupati_package_from_bangalore,Responsive Search Ad,Tirupati Package from Bangalore,One Day Tirupati Trip ₹2499,50% Faster Darshan Guaranteed,Book Your Tirupati Tour Now,Verified Operators & 24/7 Support,Group Discounts Up To 13% Off,Hassle-Free Pilgrimage,AC Sleeper Bus & Meals Included,Expert TTD Guide Service,Bangalore Pickup & Drop,Divine Journey to Tirupati,Stress-Free Pilgrimage Packages,Best Tirupati Tour Deals,Experience Spiritual Bliss,Experience a seamless Bangalore to Tirupati pilgrimage. All-inclusive package at just ₹2499.,Save 50% time on Darshan with our Expert TTD Guide. Book your one-day trip today!,"Enjoy comfortable AC sleeper bus, private fresh-up, and authentic meals. Limited seats available!",Choose from 6+ verified operators. Get scam protection & 24/7 support. Book now!,https://www.bangaloretirupatipackage.com,Tirupati,Package
Bangalore to Tirupati Packages,Bangalore to Tirupati Packages - Bus Package,Responsive Search Ad,Tirupati Package from Bangalore,One Day Tirupati Trip ₹2499,50% Faster Darshan Guaranteed,Book Your Tirupati Tour Now,Verified Operators & 24/7 Support,Group Discounts Up To 13% Off,Hassle-Free Pilgrimage,AC Sleeper Bus & Meals Included,Expert TTD Guide Service,Bangalore Pickup & Drop,Divine Journey to Tirupati,Stress-Free Pilgrimage Packages,Best Tirupati Tour Deals,Experience Spiritual Bliss,Experience a seamless Bangalore to Tirupati pilgrimage. All-inclusive package at just ₹2499.,Save 50% time on Darshan with our Expert TTD Guide. Book your one-day trip today!,"Enjoy comfortable AC sleeper bus, private fresh-up, and authentic meals. Limited seats available!",Choose from 6+ verified operators. Get scam protection & 24/7 support. Book now!,https://www.bangaloretirupatipackage.com,Tirupati,Package
Bangalore to Tirupati Packages,Bangalore to Tirupati Packages - SKAG - bangalore_to_tirupati_bus_package,Responsive Search Ad,Tirupati Package from Bangalore,One Day Tirupati Trip ₹2499,50% Faster Darshan Guaranteed,Book Your Tirupati Tour Now,Verified Operators & 24/7 Support,Group Discounts Up To 13% Off,Hassle-Free Pilgrimage,AC Sleeper Bus & Meals Included,Expert TTD Guide Service,Bangalore Pickup & Drop,Divine Journey to Tirupati,Stress-Free Pilgrimage Packages,Best Tirupati Tour Deals,Experience Spiritual Bliss,Experience a seamless Bangalore to Tirupati pilgrimage. All-inclusive package at just ₹2499.,Save 50% time on Darshan with our Expert TTD Guide. Book your one-day trip today!,"Enjoy comfortable AC sleeper bus, private fresh-up, and authentic meals. Limited seats available!",Choose from 6+ verified operators. Get scam protection & 24/7 support. Book now!,https://www.bangaloretirupatipackage.com,Tirupati,Package
Bangalore to Tirupati Packages,Bangalore to Tirupati Packages - Car Package,Responsive Search Ad,Tirupati Package from Bangalore,One Day Tirupati Trip ₹2499,50% Faster Darshan Guaranteed,Book Your Tirupati Tour Now,Verified Operators & 24/7 Support,Group Discounts Up To 13% Off,Hassle-Free Pilgrimage,AC Sleeper Bus & Meals Included,Expert TTD Guide Service,Bangalore Pickup & Drop,Divine Journey to Tirupati,Stress-Free Pilgrimage Packages,Best Tirupati Tour Deals,Experience Spiritual Bliss,Experience a seamless Bangalore to Tirupati pilgrimage. All-inclusive package at just ₹2499.,Save 50% time on Darshan with our Expert TTD Guide. Book your one-day trip today!,"Enjoy comfortable AC sleeper bus, private fresh-up, and authentic meals. Limited seats available!",Choose from 6+ verified operators. Get scam protection & 24/7 support. Book now!,https://www.bangaloretirupatipackage.com,Tirupati,Package
Bangalore to Tirupati Packages,Bangalore to Tirupati Packages - SKAG - bangalore_to_tirupati_car_package,Responsive Search Ad,Tirupati Package from Bangalore,One Day Tirupati Trip ₹2499,50% Faster Darshan Guaranteed,Book Your Tirupati Tour Now,Verified Operators & 24/7 Support,Group Discounts Up To 13% Off,Hassle-Free Pilgrimage,AC Sleeper Bus & Meals Included,Expert TTD Guide Service,Bangalore Pickup & Drop,Divine Journey to Tirupati,Stress-Free Pilgrimage Packages,Best Tirupati Tour Deals,Experience Spiritual Bliss,Experience a seamless Bangalore to Tirupati pilgrimage. All-inclusive package at just ₹2499.,Save 50% time on Darshan with our Expert TTD Guide. Book your one-day trip today!,"Enjoy comfortable AC sleeper bus, private fresh-up, and authentic meals. Limited seats available!",Choose from 6+ verified operators. Get scam protection & 24/7 support. Book now!,https://www.bangaloretirupatipackage.com,Tirupati,Package
Bangalore to Tirupati Packages,Bangalore to Tirupati Packages - Tirupati Darshan,Responsive Search Ad,Tirupati Package from Bangalore,One Day Tirupati Trip ₹2499,50% Faster Darshan Guaranteed,Book Your Tirupati Tour Now,Verified Operators & 24/7 Support,Group Discounts Up To 13% Off,Hassle-Free Pilgrimage,AC Sleeper Bus & Meals Included,Expert TTD Guide Service,Bangalore Pickup & Drop,Divine Journey to Tirupati,Stress-Free Pilgrimage Packages,Best Tirupati Tour Deals,Experience Spiritual Bliss,Experience a seamless Bangalore to Tirupati pilgrimage. All-inclusive package at just ₹2499.,Save 50% time on Darshan with our Expert TTD Guide. Book your one-day trip today!,"Enjoy comfortable AC sleeper bus, private fresh-up, and authentic meals. Limited seats available!",Choose from 6+ verified operators. Get scam protection & 24/7 support. Book now!,https://www.bangaloretirupatipackage.com,Tirupati,Package
Bangalore to Tirupati Packages,Bangalore to Tirupati Packages - SKAG - tirupati_darshan_package_bangalore,Responsive Search Ad,Tirupati Package from Bangalore,One Day Tirupati Trip ₹2499,50% Faster Darshan Guaranteed,Book Your Tirupati Tour Now,Verified Operators & 24/7 Support,Group Discounts Up To 13% Off,Hassle-Free Pilgrimage,AC Sleeper Bus & Meals Included,Expert TTD Guide Service,Bangalore Pickup & Drop,Divine Journey to Tirupati,Stress-Free Pilgrimage Packages,Best Tirupati Tour Deals,Experience Spiritual Bliss,Experience a seamless Bangalore to Tirupati pilgrimage. All-inclusive package at just ₹2499.,Save 50% time on Darshan with our Expert TTD Guide. Book your one-day trip today!,"Enjoy comfortable AC sleeper bus, private fresh-up, and authentic meals. Limited seats available!",Choose from 6+ verified operators. Get scam protection & 24/7 support. Book now!,https://www.bangaloretirupatipackage.com,Tirupati,Package
Bangalore to Tirupati Packages,Bangalore to Tirupati Packages - General,Responsive Search Ad,Tirupati Package from Bangalore,One Day Tirupati Trip ₹2499,50% Faster Darshan Guaranteed,Book Your Tirupati Tour Now,Verified Operators & 24/7 Support,Group Discounts Up To 13% Off,Hassle-Free Pilgrimage,AC Sleeper Bus & Meals Included,Expert TTD Guide Service,Bangalore Pickup & Drop,Divine Journey to Tirupati,Stress-Free Pilgrimage Packages,Best Tirupati Tour Deals,Experience Spiritual Bliss,Experience a seamless Bangalore to Tirupati pilgrimage. All-inclusive package at just ₹2499.,Save 50% time on Darshan with our Expert TTD Guide. Book your one-day trip today!,"Enjoy comfortable AC sleeper bus, private fresh-up, and authentic meals. Limited seats available!",Choose from 6+ verified operators. Get scam protection & 24/7 support. Book now!,https://www.bangaloretirupatipackage.com,Tirupati,Package
